FOUND	/manus-storage/actual_gallery_browser_3f0444e6.jpg	actual_gallery_browser.jpg
FOUND	/manus-storage/actual_home_browser_ac8f3142.jpg	actual_home_browser.jpg
FOUND	/manus-storage/actual_screens_board_1d643ef1.jpg	case5/actual_screens_board.jpg
FOUND	/manus-storage/actual_screens_board_46177004.jpg	case6/actual_screens_board.jpg
FOUND	/manus-storage/actual_screens_board_a36512b2.jpg	case3/actual_screens_board.jpg
FOUND	/manus-storage/actual_screens_board_a927b7a2.jpg	actual_screens_board.jpg
FOUND	/manus-storage/actual_screens_board_c40f2239.jpg	case4/actual_screens_board.jpg
FOUND	/manus-storage/actual_screens_board_efce7ec5.jpg	case2/actual_screens_board.jpg
FOUND	/manus-storage/actual_services_browser_de91c42c.jpg	actual_services_browser.jpg
FOUND	/manus-storage/ads_dashboard_01_89289cdb.jpg	seo/ads_dashboard_01.jpg
FOUND	/manus-storage/ads_dashboard_02_8d1a0ae7.jpg	seo/ads_dashboard_02.jpg
FOUND	/manus-storage/ads_dashboard_03_9620432d.jpg	seo/ads_dashboard_03.jpg
FOUND	/manus-storage/ads_dashboard_04_f249146e.jpg	seo/ads_dashboard_04.jpg
FOUND	/manus-storage/ads_dashboard_05_8cc24b1b.jpg	seo/ads_dashboard_05.jpg
FOUND	/manus-storage/ads_dashboard_06_7095d8f2.jpg	seo/ads_dashboard_06.jpg
FOUND	/manus-storage/ads_dashboard_07_2174b355.jpg	seo/ads_dashboard_07.jpg
FOUND	/manus-storage/ads_dashboard_08_707a674f.jpg	seo/ads_dashboard_08.jpg
FOUND	/manus-storage/ads_dashboard_09_3945e589.jpg	seo/ads_dashboard_09.jpg
FOUND	/manus-storage/ads_dashboard_10_915433af.jpg	seo/ads_dashboard_10.jpg
FOUND	/manus-storage/ads_performance_board_01_6f203760.jpg	seo/ads_performance_board_01.jpg
FOUND	/manus-storage/ads_performance_board_02_0fe33a06.jpg	seo/ads_performance_board_02.jpg
FOUND	/manus-storage/ads_performance_board_03_b3865d66.jpg	seo/ads_performance_board_03.jpg
FOUND	/manus-storage/case4_screen_card_1_52795bb6.jpg	case4/case4_screen_card_1.jpg
FOUND	/manus-storage/case4_screen_card_2_a066ae93.jpg	case4/case4_screen_card_2.jpg
FOUND	/manus-storage/case5_screen_card_1_f001fc27.jpg	case5/case5_screen_card_1.jpg
FOUND	/manus-storage/case5_screen_card_2_151b6909.jpg	case5/case5_screen_card_2.jpg
FOUND	/manus-storage/case6_screen_card_1_2058dda4.jpg	case6/case6_screen_card_1.jpg
FOUND	/manus-storage/case6_screen_card_2_0a6f6006.jpg	case6/case6_screen_card_2.jpg
FOUND	/manus-storage/evidence_address_a316635a.jpg	case3/evidence_address.jpg
FOUND	/manus-storage/evidence_board_29e2074b.jpg	case2/evidence_board.jpg
FOUND	/manus-storage/evidence_board_35cb367b.jpg	case4/evidence_board.jpg
FOUND	/manus-storage/evidence_board_9c510bbc.jpg	case3/evidence_board.jpg
FOUND	/manus-storage/evidence_cert_01_6523b6bb.jpg	case4/evidence_cert_01.jpg
FOUND	/manus-storage/evidence_cert_02_6d999776.jpg	case4/evidence_cert_02.jpg
FOUND	/manus-storage/evidence_cert_03_6e57d8bd.jpg	case4/evidence_cert_03.jpg
FOUND	/manus-storage/evidence_cert_04_6e04ccf5.jpg	case4/evidence_cert_04.jpg
FOUND	/manus-storage/evidence_invoice_425908f5.jpg	case2/evidence_invoice.jpg
FOUND	/manus-storage/evidence_qiwa_6c42b426.jpg	case3/evidence_qiwa.jpg
FOUND	/manus-storage/evidence_registry_4b67e7e3.jpg	case3/evidence_registry.jpg
FOUND	/manus-storage/evidence_registry_7ac17b09.jpg	case2/evidence_registry.jpg
FOUND	/manus-storage/evidence_vat_2b4c9864.jpg	case3/evidence_vat.jpg
FOUND	/manus-storage/evidence_vat_30f72221.jpg	case2/evidence_vat.jpg
FOUND	/manus-storage/feature_board_7a56f2e9.jpg	feature_board.jpg
FOUND	/manus-storage/gallery_browser_6c510119.jpg	case2/gallery_browser.jpg
FOUND	/manus-storage/home_browser_096d1e0a.jpg	case6/home_browser.jpg
FOUND	/manus-storage/home_browser_1a6a4844.jpg	case2/home_browser.jpg
FOUND	/manus-storage/home_browser_baf4e3e3.jpg	case5/home_browser.jpg
FOUND	/manus-storage/home_browser_edafc000.jpg	case4/home_browser.jpg
FOUND	/manus-storage/home_browser_eef65170.jpg	case3/home_browser.jpg
FOUND	/manus-storage/mockup_desktop_dadce7b5.jpg	mockup_desktop.jpg
FOUND	/manus-storage/mockup_mobile_50414aab.jpg	mockup_mobile.jpg
MISSING	/manus-storage/nasharhub-growth-orbit_04c24c99.png	UNMAPPED
MISSING	/manus-storage/nasharhub-hero_97aff7bf.png	UNMAPPED
MISSING	/manus-storage/nasharhub-logo_f3df5e49.png	UNMAPPED
MISSING	/manus-storage/nasharhub-mark_4724d093.png	UNMAPPED
FOUND	/manus-storage/screen_card_1_467e6130.jpg	case3/screen_card_1.jpg
FOUND	/manus-storage/screen_card_1_aa644e8a.jpg	case2/screen_card_1.jpg
FOUND	/manus-storage/screen_card_2_76034237.jpg	case2/screen_card_2.jpg
FOUND	/manus-storage/screen_card_2_e2936d06.jpg	case3/screen_card_2.jpg
FOUND	/manus-storage/screen_card_3_9adbd5c6.jpg	case2/screen_card_3.jpg
FOUND	/manus-storage/screen_card_3_c5a9b7a9.jpg	case3/screen_card_3.jpg
FOUND	/manus-storage/search_console_compare_78d7bfdb.png	seo/rosette_clean/search_console_compare.png
FOUND	/manus-storage/search_console_growth_eb902522.png	seo/rosette_clean/search_console_growth.png
FOUND	/manus-storage/search_console_six_months_5d1d278a.png	seo/rosette_clean/search_console_six_months.png
FOUND	/manus-storage/search_result_structure_e7651281.png	seo/rosette_clean/search_result_structure.png
FOUND	/manus-storage/search_visibility_01_574c47b2.jpg	seo/search_visibility_01.jpg
FOUND	/manus-storage/search_visibility_02_fba98683.jpg	seo/search_visibility_02.jpg
FOUND	/manus-storage/search_visibility_03_23759a58.jpg	seo/search_visibility_03.jpg
FOUND	/manus-storage/search_visibility_04_a5b67c01.jpg	seo/search_visibility_04.jpg
FOUND	/manus-storage/search_visibility_05_2f71546e.jpg	seo/search_visibility_05.jpg
FOUND	/manus-storage/search_visibility_06_56681cdb.jpg	seo/search_visibility_06.jpg
FOUND	/manus-storage/search_visibility_07_3b3c9d6c.jpg	seo/search_visibility_07.jpg
FOUND	/manus-storage/search_visibility_08_da1606b0.jpg	seo/search_visibility_08.jpg
FOUND	/manus-storage/search_visibility_09_d742b8ac.jpg	seo/search_visibility_09.jpg
FOUND	/manus-storage/search_visibility_10_6f124976.jpg	seo/search_visibility_10.jpg
FOUND	/manus-storage/search_visibility_11_b25bc178.jpg	seo/search_visibility_11.jpg
FOUND	/manus-storage/search_visibility_12_10733180.jpg	seo/search_visibility_12.jpg
FOUND	/manus-storage/search_visibility_13_5364cdaa.jpg	seo/search_visibility_13.jpg
FOUND	/manus-storage/search_visibility_board_01_fe0dbc10.jpg	seo/search_visibility_board_01.jpg
FOUND	/manus-storage/search_visibility_board_02_75855f84.jpg	seo/search_visibility_board_02.jpg
FOUND	/manus-storage/search_visibility_board_03_31efdcf2.jpg	seo/search_visibility_board_03.jpg
FOUND	/manus-storage/secondary_browser_2c966617.jpg	case5/secondary_browser.jpg
FOUND	/manus-storage/secondary_browser_3d32d94a.jpg	case6/secondary_browser.jpg
FOUND	/manus-storage/secondary_browser_56eed939.jpg	case4/secondary_browser.jpg
FOUND	/manus-storage/services_browser_7ff70a43.jpg	case2/services_browser.jpg
FOUND	/manus-storage/services_browser_810a8cc5.jpg	case3/services_browser.jpg
FOUND	/manus-storage/services_gallery_browser_2e8d62dd.jpg	case3/services_gallery_browser.jpg
FOUND	/manus-storage/tent_interior_6957b7ce.jpg	tent_interior.jpg
FOUND	/manus-storage/tent_luxury_d19e6abd.jpg	tent_luxury.jpg
FOUND	/manus-storage/tent_night_4cc9e17c.jpg	tent_night.jpg
FOUND	/manus-storage/tents_palms_b6ca955d.jpg	tents_palms.jpg
